{"type":"PlanScript","dependentArtifacts":null,"hpProvided":false,"eTag":null,"created":null,"modified":null,"customAttributes":null,"planType":"deploy","description":"150-RHEL-7.3-config-firewalld-for-Docker","category":null,"status":null,"uri":null,"name":"150-RHEL-7.3-config-firewalld-for-Docker-copy","id":"4e54cc8c-a9d1-4de3-a175-c026e3c4f8f5","state":null,"content":"# (c) Copyright 2017 Hewlett Packard Enterprise Development LP\n#\n# Licensed under the Apache License, Version 2.0 (the \"License\");\n# you may not use this file except in compliance with the License.\n# You may obtain a copy of the License at http://www.apache.org/licenses/LICENSE-2.0\n#\n# Unless required by applicable law or agreed to in writing, software distributed\n# under the License is distributed on an \"AS IS\" BASIS, WITHOUT WARRANTIES OR\n# CONDITIONS OF ANY KIND, either express or implied. See the License for the\n# specific language governing permissions and limitations under the License.\n\n# upload configuration script\necho \"configure firewalld\"\nupload -<<END /tmp/fwd\n#!/bin/bash\nsystemctl enable firewalld.service\nsystemctl start firewalld.service\nfirewall-cmd --permanent --zone=public --add-port={22/tcp,443/tcp,2377/tcp,4789/tcp,4789/udp,7946/tcp,7946/udp,12376/tcp}\n# Open ports for portworx\nfirewall-cmd --permanent --zone=public --add-port={9001/tcp,9002/tcp,9003/tcp,9004/tcp,9005/tcp,9006/tcp,10250/tcp}\nfirewall-cmd --reload\nfirewall-cmd --info-zone=public\nEND\n\n#Add the generated script to rc.local to run at boot time.\n!echo \"sh /tmp/fwd\" >> rc.local"}