{"type":"PlanScript","dependentArtifacts":null,"hpProvided":false,"eTag":null,"created":null,"modified":null,"customAttributes":null,"planType":"deploy","description":"Configures the Kubernetes worker node.","category":null,"status":null,"uri":null,"name":"RHEL-7.3-Kubernetes-worker-configure","id":"5766b679-e0d7-450d-a7d6-ce139deee531","state":null,"content":"# (c) Copyright 2017 Hewlett Packard Enterprise Development LP\n#\n# Licensed under the Apache License, Version 2.0 (the \"License\");\n# you may not use this file except in compliance with the License.\n# You may obtain a copy of the License at http://www.apache.org/licenses/LICENSE-2.0\n#\n# Unless required by applicable law or agreed to in writing, software distributed\n# under the License is distributed on an \"AS IS\" BASIS, WITHOUT WARRANTIES OR\n# CONDITIONS OF ANY KIND, either express or implied. See the License for the\n# specific language governing permissions and limitations under the License.\n\n#\n# Kubernetes-worker-configure\n#\n#  Create the bootstrap script for a worker node\n#  this script will be called by onetime systemctl service at firstboot\n#\n\n# upload configuration script\necho \"create configuration script bootstrap.sh\"\n-mkdir-p  /root/bootstrap\nupload -<<END /root/bootstrap/bootstrap.sh\n#!/bin/bash\n\n#\n#  this is a boot strap script for RHEL systems running under\n#  Synergy Image Streamer devices.\n#\n\nset -e\n\n# trap all errors and give us a stack dump of the calls\ntrap 'r=$?; echo -e \"$r : ${ERROR_COLOR}aborting script${DFL_COLOR}\"; fl=${#FUNCNAME[]}; for (( i=0; i<$fl+1; i++));do echo -e \"${WARN_COLOR}DUMP STACK IN${DFL_COLOR} ${FUNCNAME[$i]}:script( ${BASH_SOURCE[$i]} ) : line ( ${BASH_LINENO[$i]} ) -> $LINENO \"; done; exit $r; ' ERR\n\n#\n# setup logging\nBOOT_SCRIPTS_DIR=${BOOT_SCRIPTS_DIR:-/root/bootstrap}\nif [ ! -f \"$BOOT_SCRIPTS_DIR/logging.sh\" ]; then\n  echo \"Unable to find logging.sh in -> $BOOT_SCRIPTS_DIR\"\n  echo \"likely you do not have BOOT_SCRIPTS_DIR configured correctly.  Please set it correctly and try again.\"\n  echo \"If you are testing try setting DO_TEST=true or run make test.\"\n  exit 1\nelse\n  if [ -f $BOOT_SCRIPTS_DIR/bootstrap.log ]; then\n    rm $BOOT_SCRIPTS_DIR/bootstrap.log\n  fi\n  . \"$BOOT_SCRIPTS_DIR/logging.sh\"\nfi\n\nSCRIPTENTRY\n\nfunction join_kubemaster {\n\n    INFO \"----- Joining kubernetes cluster as worker -----\"\n       \n    setenforce 0\n\tkubeadm join --token @ClusterJoinToken@ --discovery-token-unsafe-skip-ca-verification @ClusterIP@:@ClusterPort:8443@ \n\n}\n\njoin_kubemaster\n\nSCRIPTEXIT\nEND\n\nchmod 750 /root/bootstrap/bootstrap.sh"}