{"type":"PlanScript","dependentArtifacts":null,"hpProvided":true,"eTag":null,"created":null,"modified":null,"customAttributes":null,"planType":"deploy","description":"040-RHEL-7.3-Docker-configure-ntp","category":null,"status":null,"uri":null,"name":"040-RHEL-7.3-Docker-configure-ntp","id":"bd3165d9-c992-4e89-a64e-369b16199d25","state":null,"content":"# (c) Copyright 2017 Hewlett Packard Enterprise Development LP\n#\n# Licensed under the Apache License, Version 2.0 (the \"License\");\n# you may not use this file except in compliance with the License.\n# You may obtain a copy of the License at http://www.apache.org/licenses/LICENSE-2.0\n#\n# Unless required by applicable law or agreed to in writing, software distributed\n# under the License is distributed on an \"AS IS\" BASIS, WITHOUT WARRANTIES OR\n# CONDITIONS OF ANY KIND, either express or implied. See the License for the\n# specific language governing permissions and limitations under the License.\n\n#\n# name:\n#   RHEL-7.3-Docker-configure-ntp\n#\n# Purpose:\n#   Configure NTP client\n#\n# Custom Attributes\n#   ntpserver\n#   \n\nupload -<<END /tmp/Configure_ntp\n#! /bin/bash\n#\n# context: \n#    first boot\n#\nntpserver=@NtpServer:10.60.1.123@\nchronyc -a 'burst 4/4'\nsleep 10\nchronyc -a makestep\nhwclock --systohc\nunlink $0\nEND\n\necho ***** Configure_ntp\ncat /tmp/Configure_ntp\n\n#\n# add this file to rc.local so that it will be executed at first boot\n#\n!echo \"sh /tmp/Configure_ntp\" >> rc.local\n\n#\n# update /etc/chrony.c\n#\n#aug-init / 1\n#aug-rm /files/etc/chrony.conf/server[*]\n#aug-set /files/etc/chrony.conf/server[last()] @NtpServer:10.60.1.123@\n#aug-save\n#aug-close\n\nwrite-append /etc/chrony.conf \"server  @NtpServer:10.60.1.123@\" \n\ncat /etc/chrony.conf"}