{"type":"PlanScript","dependentArtifacts":null,"hpProvided":true,"eTag":null,"created":null,"modified":null,"customAttributes":null,"planType":"deploy","description":"010-RHEL-7.3-set-iscsi-initiator-name","category":null,"status":null,"uri":null,"name":"010-RHEL-7.3-set-iscsi-initiator-name","id":"be4b9395-394c-437f-b583-bddcbfd8bdc2","state":null,"content":"# (c) Copyright 2017 Hewlett Packard Enterprise Development LP\n#\n# Licensed under the Apache License, Version 2.0 (the \"License\");\n# you may not use this file except in compliance with the License.\n# You may obtain a copy of the License at http://www.apache.org/licenses/LICENSE-2.0\n#\n# Unless required by applicable law or agreed to in writing, software distributed\n# under the License is distributed on an \"AS IS\" BASIS, WITHOUT WARRANTIES OR\n# CONDITIONS OF ANY KIND, either express or implied. See the License for the\n# specific language governing permissions and limitations under the License.\n\n#\n# Change the name of the ISCSI initiator when online. The next version of Oneview will have an attribute to do the same offline\n#\n\nupload -<<END /tmp/set_iscsi_initiator\n#! /bin/bash\niname=$(cat /sys/firmware/ibft/initiator/initiator-name )\necho InitiatorName=$iname > /etc/iscsi/initiatorname.iscsi\nunlink $0\nEND\n\n#Add script to rc.local to run at boot time.\n!echo \"sh /tmp/set_iscsi_initiator\" >> rc.local"}