{"type":"PlanScript","dependentArtifacts":null,"hpProvided":true,"eTag":null,"created":null,"modified":null,"customAttributes":null,"planType":"deploy","description":"120-upload-bash-helpers","category":null,"status":null,"uri":null,"name":"120-upload-bash-helpers","id":"f2429a3c-be9f-4298-92e6-dec3d36d8868","state":null,"content":"# (c) Copyright 2017 Hewlett Packard Enterprise Development LP\n#\n# Licensed under the Apache License, Version 2.0 (the \"License\");\n# you may not use this file except in compliance with the License.\n# You may obtain a copy of the License at http://www.apache.org/licenses/LICENSE-2.0\n#\n# Unless required by applicable law or agreed to in writing, software distributed\n# under the License is distributed on an \"AS IS\" BASIS, WITHOUT WARRANTIES OR\n# CONDITIONS OF ANY KIND, either express or implied. See the License for the\n# specific language governing permissions and limitations under the License.\n\n#\n# name:\n#   upload-bash-helpers\n#\n# context\n#   server firstboot only\n#\necho \"----------- uploading /root/bootstrap/logging.sh -----------\"\nupload -<<END /root/bootstrap/logging.sh\n#!/bin/bash\n\n# add some color\n# more info: http://jafrog.com/2013/11/23/colors-in-terminal.html\n#\nERROR_COLOR=\"\\e[41;3m\"\nINFO_COLOR=\"\\e[44;3m\"\nDEBUG_COLOR=\"\\e[46;3m\"\nWARN_COLOR=\"\\e[45;3m\"\nBOLD=\"\\e[1m\"\nDFL_COLOR=\"\\e[0m\"\n\n# 0 - no output, 1 - error|warn messages, 2 - info|error|warn messages, 3 - debug|info|error|warn messages\nLOG_FILE_LEVEL=${LOG_FILE_LEVEL:-3}\nLOG_STDIO_LEVEL=${LOG_STDIO_LEVEL:-2}\nLOG_FILE_DRIVER=${LOG_FILE_DRIVER:-1}\nLOG_STDIO_DRIVER=${LOG_STDIO_DRIVER:-1}\n\nSCRIPT_LOG=/root/bootstrap/bootstrap.log\ntouch $SCRIPT_LOG\n\nfunction EMIT_FILE_DRIVER() {\n    if [ 1 -eq $LOG_FILE_DRIVER ]; then\n        echo -e $2 >> $SCRIPT_LOG\n    fi\n}\n\nfunction EMIT_STDIO_DRIVER() {\n    if [ 1 -eq $LOG_STDIO_DRIVER ]; then\n        echo -e $2\n    fi\n}\n\nfunction EMIT_LOG(){\n    # 0 - no output, 1 - error|warn messages, 2 - info|error|warn messages, 3 - debug|info|error|warn messages\n    case $1 in\n        ERROR|WARN) [ $LOG_STDIO_LEVEL -gt 0 ] && EMIT_STDIO_DRIVER \"$@\" ;;\n        INFO)  [ $LOG_STDIO_LEVEL -gt 1 ] && EMIT_STDIO_DRIVER \"$@\" ;;\n        DEBUG) [ $LOG_STDIO_LEVEL -gt 2 ] && EMIT_STDIO_DRIVER \"$@\" ;;\n    esac\n    case $1 in\n        ERROR|WARN) [ $LOG_FILE_LEVEL -gt 0 ] && EMIT_FILE_DRIVER \"$@\" ;;\n        INFO)  [ $LOG_FILE_LEVEL -gt 1 ] && EMIT_FILE_DRIVER \"$@\" ;;\n        DEBUG) [ $LOG_FILE_LEVEL -gt 2 ] && EMIT_FILE_DRIVER \"$@\" ;;\n    esac\n    r=$? #mute the error level for loglevel checks\n}\n\nfunction SCRIPTENTRY(){\n    local ln=\"${BASH_LINENO[0]}\"\n    timeAndDate=`date`\n    script_name=`basename \"$0\"`\n    script_name=\"${script_name%.*}\"\n    EMIT_LOG DEBUG \"[$timeAndDate] ${BOLD}[DEBUG] [$ln]${DFL_COLOR}  > $script_name $FUNCNAME\"\n}\n\nfunction SCRIPTEXIT(){\n    local ln=\"${BASH_LINENO[0]}\"\n    script_name=`basename \"$0\"`\n    script_name=\"${script_name%.*}\"\n    EMIT_LOG DEBUG \"[$timeAndDate] ${BOLD}[DEBUG] [$ln]${DFL_COLOR}  < $script_name $FUNCNAME\"\n}\n\nfunction ENTRY(){\n    local cfn=\"${FUNCNAME[1]}\"\n    local ln=\"${BASH_LINENO[0]}\"\n    timeAndDate=`date`\n    EMIT_LOG DEBUG \"[$timeAndDate] ${BOLD}[DEBUG] [$ln]${DFL_COLOR}  > $cfn $FUNCNAME\"\n}\n\nfunction EXIT(){\n    local cfn=\"${FUNCNAME[1]}\"\n    local ln=\"${BASH_LINENO[0]}\"\n    timeAndDate=`date`\n    EMIT_LOG DEBUG \"[$timeAndDate] ${BOLD}[DEBUG] [$ln]${DFL_COLOR}  < $cfn $FUNCNAME\"\n}\n\n\nfunction INFO(){\n    local function_name=\"${FUNCNAME[1]}\"\n    local msg=\"$1\"\n    local ln=\"${BASH_LINENO[0]}\"\n    timeAndDate=`date`\n    EMIT_LOG INFO \"[$timeAndDate] ${INFO_COLOR}[INFO]  [$ln]${DFL_COLOR}  $msg\"\n}\n\n\nfunction DEBUG(){\n    local function_name=\"${FUNCNAME[1]}\"\n    local msg=\"$1\"\n    local ln=\"${BASH_LINENO[0]}\"\n    timeAndDate=`date`\n    EMIT_LOG DEBUG \"[$timeAndDate] ${DEBUG_COLOR}[DEBUG] [$ln]${DFL_COLOR}  $msg\"\n}\n\nfunction ERROR(){\n    local function_name=\"${FUNCNAME[1]}\"\n    local msg=\"$1\"\n    local ln=\"${BASH_LINENO[0]}\"\n    timeAndDate=`date`\n    EMIT_LOG ERROR \"[$timeAndDate] ${ERROR_COLOR}[ERROR] [$ln]${DFL_COLOR}  $msg\"\n}\n\nfunction WARN(){\n    local function_name=\"${FUNCNAME[1]}\"\n    local msg=\"$1\"\n    local ln=\"${BASH_LINENO[0]}\"\n    timeAndDate=`date`\n    EMIT_LOG WARN \"[$timeAndDate] ${WARN_COLOR}[WARN]  [$ln]${DFL_COLOR}  $msg\"\n}\n\nEND\nchmod 0754 /root/bootstrap/logging.sh\n\necho \"----------- uploading /root/bootstrap/logging.sh -----------\"\nupload -<<END /root/bootstrap/common_funcs.sh\n#!/bin/bash\nset -e\n\n#\n# global\nTEST_FOLDER=\"${TEST_FOLDER:-$CURRENT_DIR/test/config}\"\n\n#\n# get key value\n# $(get_key_val config_file ipaddr)\n#\nfunction get_key_val {\n    awk -v key=$2 -F\"=\" '{ if ( key == $1 ) { print $2}}' $1;\n}\n\n#\n# get all the keys\n# $(get_keys config_file)\n#\nfunction get_keys {\n    awk -F '=' '/.*=.*/{print $1}' $1;\n}\n\n#\n# check for empty option\n#\nfunction check_empty {\n    if [ -z \"$2\" ] ; then\n        do_usage\n        ERROR \"please specify $1 option\"\n        exit 1;\n    fi\n}\n\n#\n# check for empty config_file option\n# check_empty_cf config_file key\n#\nfunction check_empty_cf {\n    if [ -z \"$(get_key_val $1 $2)\" ] ; then\n        do_usage\n        ERROR \"missing $2 in config file\"\n        exit 1;\n    fi\n}\n\n#\n# verifies we are running redhat\n#\nfunction is_redhat {\n    if [ ! -f /etc/redhat-release ] ; then\n        echo 'false'\n        return\n    fi\n    if [ ! -e $(which yum) ] ; then\n        echo 'false'\n        return\n    fi\n    echo 'true'\n}\n\nEND\nchmod 754 /root/bootstrap/common_funcs.sh"}