{"type":"OeBuildPlan","dependentArtifacts":null,"customAttributes":[{"constraints":"{\"helpText\":\"Fully qualified domain name of the server being deployed\"}","description":"Fully qualified domain name of the server being deployed","name":"ServerFQDN","value":"","type":"fqdn"},{"constraints":"{\"options\":[\"Enabled\",\"Disabled\"]}","description":"","name":"SSH","value":"Enabled","type":"option"},{"constraints":"{}","description":"","name":"ClusterJoinToken","value":"","type":"string"},{"constraints":"{\"helpText\":\"\",\"options\":[\"\"]}","description":"","name":"ClusterIP","value":"","type":"ipv4"},{"constraints":"{}","description":"","name":"ClusterPort","value":"8443","type":"string"},{"constraints":"{}","description":"","name":"NtpServer","value":"10.60.1.123","type":"string"},{"constraints":"{}","description":"","name":"Gateway","value":"","type":"string"},{"constraints":"{\"options\":[\"No\",\"Yes\"]}","description":"","name":"NicTeaming","value":"No","type":"option"},{"constraints":"{\"maxlen\":\"10\"}","description":"","name":"NewRootPassword","value":"","type":"password"},{"constraints":"{\"ipv4static\":true,\"ipv4dhcp\":true,\"ipv4disable\":true,\"parameters\":[\"dhcp\",\"dns1\",\"dns2\",\"domain\",\"gateway\",\"ipaddress\",\"ipv4disable\",\"mac\",\"netmask\"]}","description":"","name":"ManagementNIC3","value":"","type":"nic"},{"constraints":"{\"ipv4static\":true,\"ipv4dhcp\":true,\"ipv4disable\":true,\"parameters\":[\"dhcp\",\"dns1\",\"dns2\",\"domain\",\"gateway\",\"ipaddress\",\"ipv4disable\",\"mac\",\"netmask\"]}","description":"","name":"ManagementNIC4","value":"","type":"nic"},{"constraints":"{\"ipv4static\":true,\"ipv4dhcp\":true,\"ipv4disable\":true,\"parameters\":[\"dhcp\",\"dns1\",\"dns2\",\"domain\",\"gateway\",\"ipaddress\",\"ipv4disable\",\"mac\",\"netmask\"],\"options\":[\"\"]}","description":"","name":"ManagementNIC1","value":"","type":"nic"},{"constraints":"{\"ipv4static\":true,\"ipv4dhcp\":true,\"ipv4disable\":true,\"parameters\":[\"dhcp\",\"dns1\",\"dns2\",\"domain\",\"gateway\",\"ipaddress\",\"ipv4disable\",\"mac\",\"netmask\"]}","description":"","name":"ManagementNIC2","value":"","type":"nic"}],"buildStep":[{"planScriptUri":"/rest/plan-scripts/b47cd7c7-53da-49cb-8c99-ce7b24606097","planScriptName":"000-RHEL-7.3-mount-and-validate","serialNumber":"1","parameters":null},{"planScriptUri":"/rest/plan-scripts/be4b9395-394c-437f-b583-bddcbfd8bdc2","planScriptName":"010-RHEL-7.3-set-iscsi-initiator-name","serialNumber":"2","parameters":null},{"planScriptUri":"/rest/plan-scripts/9ab19c4c-dda1-4c55-afca-1982f1c8eade","planScriptName":"020-RHEL-7.3-change-root-password","serialNumber":"3","parameters":null},{"planScriptUri":"/rest/plan-scripts/26701c28-dfe1-4c1f-9be4-003f8eef6aad","planScriptName":"RHEL-7.3-configure-multiple-NICs-or-teaming","serialNumber":"4","parameters":null},{"planScriptUri":"/rest/plan-scripts/bd3165d9-c992-4e89-a64e-369b16199d25","planScriptName":"040-RHEL-7.3-Docker-configure-ntp","serialNumber":"5","parameters":null},{"planScriptUri":"/rest/plan-scripts/69175389-d94f-4644-b0ee-0eaa615f7e30","planScriptName":"050-RHEL-7.3-configure-hostname","serialNumber":"6","parameters":null},{"planScriptUri":"/rest/plan-scripts/d848f798-45e9-4399-b083-a012cf9ef71b","planScriptName":"060-RHEL-7.3-manage-security-services","serialNumber":"7","parameters":null},{"planScriptUri":"/rest/plan-scripts/d3040498-b7cc-4fd8-bde8-3a7be1bd3289","planScriptName":"RHEL-7.3-Docker-Kubernetes-Bootstrap","serialNumber":"8","parameters":null},{"planScriptUri":"/rest/plan-scripts/f3eb1b9c-5564-458e-b5a6-30a3054c6013","planScriptName":"110-Docker-remove-key.json","serialNumber":"9","parameters":null},{"planScriptUri":"/rest/plan-scripts/f2429a3c-be9f-4298-92e6-dec3d36d8868","planScriptName":"120-upload-bash-helpers","serialNumber":"10","parameters":null},{"planScriptUri":"/rest/plan-scripts/49b7f216-667a-4edc-924b-c9fb10693914","planScriptName":"130-RHEL-7.3-Docker-preconfig","serialNumber":"11","parameters":null},{"planScriptUri":"/rest/plan-scripts/4e54cc8c-a9d1-4de3-a175-c026e3c4f8f5","planScriptName":"150-RHEL-7.3-config-firewalld-for-Docker-copy","serialNumber":"12","parameters":null},{"planScriptUri":"/rest/plan-scripts/5766b679-e0d7-450d-a7d6-ce139deee531","planScriptName":"RHEL-7.3-Kubernetes-worker-configure","serialNumber":"13","parameters":null},{"planScriptUri":"/rest/plan-scripts/a478f662-bbf8-4f33-8400-02f6f8ad3c79","planScriptName":"999-RHEL-7.3-unmount","serialNumber":"14","parameters":null}],"eTag":null,"created":null,"modified":null,"hpProvided":false,"buildPlanid":"fa65bed0-8512-4b25-a51a-6f78e5b7d73b","oeBuildPlanType":"deploy","description":"Deploys a Kube worker node in an existing Kubernetes cluster\n(c) Copyright 2017 Hewlett Packard Enterprise Development LP\n\nLicensed under the Apache License, Version 2.0 (the \"License\");...","category":null,"status":null,"uri":null,"name":"RHEL-7.3-Kubernetes-Worker-2018-02-01"}