{"type":"PlanScript","hpProvided":false,"dependentArtifacts":null,"customAttributes":null,"planType":"deploy","eTag":null,"created":null,"modified":null,"category":null,"description":"configure NIC teaming","status":null,"uri":null,"name":"031-RHEL7.4-configure-network","id":"3e5a71f0-8d9f-47cf-8d34-af20e2c68ea6","state":null,"content":"# (c) Copyright 2017 Hewlett Packard Enterprise Development LP\n#\n# Licensed under the Apache License, Version 2.0 (the \"License\");\n# you may not use this file except in compliance with the License.\n# You may obtain a copy of the License at http://www.apache.org/licenses/LICENSE-2.0\n#\n# Unless required by applicable law or agreed to in writing, software distributed\n# under the License is distributed on an \"AS IS\" BASIS, WITHOUT WARRANTIES OR\n# CONDITIONS OF ANY KIND, either express or implied. See the License for the\n# specific language governing permissions and limitations under the License.\n\n#Child script for configuring the Management NIC Team.\n# this script is called when the server boots for the first time\nupload -<<END /tmp/NIC-teaming\n#! /bin/bash\nteam_name=$1\nnet1_mac=$2\nnet2_mac=$3\nnet1_ip=$4\nnet1_gw=$5\ndomain=$6\ndns1=$7\ndns2=$8\nnetmask=$9\n\nmask2cidr() {\n    nbits=0\n    IFS=.\n    for dec in $1 ; do\n        case $dec in\n            255) let nbits+=8;;\n            254) let nbits+=7;;\n            252) let nbits+=6;;\n            248) let nbits+=5;;\n            240) let nbits+=4;;\n            224) let nbits+=3;;\n            192) let nbits+=2;;\n            128) let nbits+=1;;\n            0);;\n            *) echo \"Error: $dec is not recognised\"; exit 1\n        esac\n    done\n    echo \"$nbits\"\n}\n\n#Check the matching interface names for mac addresses.\ninterfaces=`ls /sys/class/net/`\nfor iface in $interfaces\ndo\n    mac=`cat /sys/class/net/$iface/address`\n    if [ ${mac,,} == ${net1_mac,,} ]\n    then\n        nic1=$iface\n    elif [ ${mac,,} == ${net2_mac,,} ]\n    then\n        nic2=$iface\n    fi\ndone\n\n#Add $team_name connection.\n\nif [[ -z $net1_ip ]]\nthen\n    echo \"Configure $team_name for DHCP\"\n    nmcli connection add type team con-name $team_name ifname $team_name\nelse\n    echo \"Configure $team_name for static.\"\n    nmcli con add con-name $team_name ifname $team_name type team autoconnect yes config '{ \"runner\": {\"name\": \"activebackup\"}}' ip4 $net1_ip/$(mask2cidr $netmask) gw4 $net1_gw ipv4.dns \"$dns1 $dns2\"\ncat <<CONF>/etc/resolv.conf\n# Generated by Image Streamer\nsearch $domain\nnameserver $dns1\nnameserver $dns2\nCONF\nfi\n\nnmcli connection add type team-slave con-name $team_name-port1 ifname $nic1 master $team_name\nnmcli connection add type team-slave con-name $team_name-port2 ifname $nic2 master $team_name\nexit 0\nEND\n\n\n\n#Parent script to configure the management network team\n#  this script is executed later in the guestfish context\nupload -<<END /tmp/ImageStreamer/management-network-configuration\n#! /bin/bash\nteam0=team0\necho \"echo $team0 > /tmp/interface_names\" >> ./rc.local\nif [[ \"@Team0NIC1.ipaddress@\" =~ [0-9]*\\.[0-9]*\\.[0-9]*\\.[0-9]* ]]; then\n   echo \"sh /tmp/NIC-teaming $team0 @Team0NIC1.mac@ @Team0NIC2.mac@ @Team0NIC1.ipaddress@ @Team0NIC1.gateway@ @Team0NIC1.domain@ @Team0NIC1.dns1@ @Team0NIC1.dns2@ @Team0NIC1.netmask@\" >> ./rc.local\nelse\n   echo \"sh /tmp/NIC-teaming $team0 @Team0NIC1.mac@ @Team0NIC2.mac@\" >> ./rc.local\nfi\necho \"rm -rf /tmp/NIC-teaming\"          >> ./rc.local\nEND\n\n\n#\n# update our local rc.local file\n#\n\ndownload /tmp/ImageStreamer/management-network-configuration ./management-network-configuration\n!source ./management-network-configuration\necho \"route add default gw @Team0NIC1.gateway@ $team0\" >>./rc.local\necho \"systemctl restart network\"          >> ./rc.local\n\n#\n# local rc.local will be pushed to the disk image by the last plan script\n#"}