{"type":"OeBuildPlan","customAttributes":[{"constraints":"{\"options\":[\"Enabled\",\"Disabled\"]}","description":"","name":"SSH","value":"Enabled","type":"option"},{"constraints":"{\"helpText\":\"Fully qualified domain name of the server being deployed\"}","description":"Fully qualified domain name of the server being deployed","name":"ServerFQDN","value":"","type":"fqdn"},{"constraints":"{}","description":"","name":"ClusterJoinToken","value":"","type":"string"},{"constraints":"{\"helpText\":\"\"}","description":"","name":"ClusterIP","value":"","type":"ipv4"},{"constraints":"{}","description":"","name":"ClusterPort","value":"8443","type":"string"},{"constraints":"{\"ipv4static\":true,\"ipv4dhcp\":false,\"ipv4disable\":false,\"parameters\":[\"mac\"]}","description":"","name":"Team0NIC2","value":"","type":"nic"},{"constraints":"{\"ipv4static\":true,\"ipv4dhcp\":false,\"ipv4disable\":false,\"parameters\":[\"dns1\",\"dns2\",\"domain\",\"gateway\",\"ipaddress\",\"mac\",\"netmask\"]}","description":"","name":"Team0NIC1","value":"","type":"nic"},{"constraints":"{}","description":"","name":"NtpServer","value":"10.60.1.123","type":"string"},{"constraints":"{\"maxlen\":\"10\"}","description":"","name":"NewRootPassword","value":"","type":"password"}],"buildStep":[{"planScriptUri":"/rest/plan-scripts/8e1bbe61-8203-4b2c-878b-b86b5585fb46","planScriptName":"000-RHEL-7.3-mount-and-validate","serialNumber":"1","parameters":null},{"planScriptUri":"/rest/plan-scripts/94c5cb77-8d98-474e-83d4-7119a69c175d","planScriptName":"010-RHEL-7.3-set-iscsi-initiator-name","serialNumber":"2","parameters":null},{"planScriptUri":"/rest/plan-scripts/00431b7b-0a85-4359-b0d3-87d10da21773","planScriptName":"020-RHEL-7.3-change-root-password","serialNumber":"3","parameters":null},{"planScriptUri":"/rest/plan-scripts/3e5a71f0-8d9f-47cf-8d34-af20e2c68ea6","planScriptName":"031-RHEL7.4-configure-network","serialNumber":"4","parameters":null},{"planScriptUri":"/rest/plan-scripts/f9e56306-fa31-45c1-96f6-581403150666","planScriptName":"040-RHEL-7.3-Docker-configure-ntp","serialNumber":"5","parameters":null},{"planScriptUri":"/rest/plan-scripts/dbcfa7e4-3ee1-4cd9-b2be-9e498d5dc810","planScriptName":"051-RHEL-7.4-configure-hostname","serialNumber":"6","parameters":null},{"planScriptUri":"/rest/plan-scripts/df0f8f04-927f-4a7e-bd2a-9ea8cb659c50","planScriptName":"060-RHEL-7.3-manage-security-services","serialNumber":"7","parameters":null},{"planScriptUri":"/rest/plan-scripts/656316a6-19ea-435e-95be-b89483cfd556","planScriptName":"RHEL-7.3-Docker-Kubernetes-Bootstrap","serialNumber":"8","parameters":null},{"planScriptUri":"/rest/plan-scripts/cbb9f263-f12e-4493-a0a6-74fee58a57b1","planScriptName":"110-Docker-remove-key.json","serialNumber":"9","parameters":null},{"planScriptUri":"/rest/plan-scripts/4fce4ad1-15ba-4022-80f3-8d6ebf539388","planScriptName":"120-upload-bash-helpers","serialNumber":"10","parameters":null},{"planScriptUri":"/rest/plan-scripts/5f38dd10-c69f-416c-8539-fd87bc9c7762","planScriptName":"130-RHEL-7.3-Docker-preconfig","serialNumber":"11","parameters":null},{"planScriptUri":"/rest/plan-scripts/6d96ef49-c7c5-40df-8751-476d367b1aed","planScriptName":"RHEL-7.3-config-firewalld","serialNumber":"12","parameters":null},{"planScriptUri":"/rest/plan-scripts/3d0b6951-de31-4ea8-81ff-058e3d9dafaa","planScriptName":"RHEL-7.3-Kubernetes-worker-configure","serialNumber":"13","parameters":null},{"planScriptUri":"/rest/plan-scripts/6184eebc-450e-4bb7-870e-a8e1dfd55ade","planScriptName":"999-RHEL-7.3-unmount","serialNumber":"14","parameters":null}],"dependentArtifacts":null,"hpProvided":false,"buildPlanid":"e94fbaa9-cc23-47f6-a3aa-666319f029a8","oeBuildPlanType":"deploy","eTag":null,"created":null,"modified":null,"category":null,"description":"Deploys a Kube worker node in an existing Kubernetes cluster\n(c) Copyright 2017 Hewlett Packard Enterprise Development LP\n\nLicensed under the Apache License, Version 2.0 (the \"License\");...","status":null,"uri":null,"name":"RHEL-7.3-Kubernetes-Worker-2017-10-10"}