{"type":"PlanScript","dependentArtifacts":null,"hpProvided":true,"eTag":null,"created":null,"modified":null,"customAttributes":null,"planType":"deploy","description":"110-Docker-remove-key.json","category":null,"name":"110-Docker-remove-key.json","id":"1d73e143-c2bc-45b6-9b13-4167a56fa570","state":null,"content":"# (c) Copyright 2017 Hewlett Packard Enterprise Development LP\n#\n# Licensed under the Apache License, Version 2.0 (the \"License\");\n# you may not use this file except in compliance with the License.\n# You may obtain a copy of the License at http://www.apache.org/licenses/LICENSE-2.0\n#\n# Unless required by applicable law or agreed to in writing, software distributed\n# under the License is distributed on an \"AS IS\" BASIS, WITHOUT WARRANTIES OR\n# CONDITIONS OF ANY KIND, either express or implied. See the License for the\n# specific language governing permissions and limitations under the License.\n\n#\n# name:\n#     Docker-remove-key\n# purpose:\n#      remove the docker key.json\n# context:\n#     guestfish\n# Note\n\n#\n# touch the file in case it was removed by the capture\n#\ntouch /etc/docker/key.json\n-rm /etc/docker/key.json","uri":null,"status":null}