{"type":"PlanScript","dependentArtifacts":null,"hpProvided":true,"eTag":null,"created":null,"modified":null,"customAttributes":null,"planType":"deploy","description":"060-RHEL-7.3-manage-security-services","category":null,"name":"060-RHEL-7.3-manage-security-services","id":"4e1553b5-9a05-402a-8673-efc0d7a5bf8b","state":null,"content":"# (c) Copyright 2017 Hewlett Packard Enterprise Development LP\n#\n# Licensed under the Apache License, Version 2.0 (the \"License\");\n# you may not use this file except in compliance with the License.\n# You may obtain a copy of the License at http://www.apache.org/licenses/LICENSE-2.0\n#\n# Unless required by applicable law or agreed to in writing, software distributed\n# under the License is distributed on an \"AS IS\" BASIS, WITHOUT WARRANTIES OR\n# CONDITIONS OF ANY KIND, either express or implied. See the License for the\n# specific language governing permissions and limitations under the License.\n\n#Enable SELINUX\ndownload /etc/selinux/config ./selinux_config\nupload -<<END /tmp/ImageStreamer/Enable_Selinux\n#! /bin/bash\nsed -i '/SELINUX=disabled/c\\SELINUX=enforcing' ./selinux_config\nexit 0\nEND\ndownload /tmp/ImageStreamer/Enable_Selinux ./Enable_Selinux\n!source ./Enable_Selinux\n\nupload ./selinux_config /etc/selinux/config\n\n#Disable and stop firewalld service\n!echo \"systemctl disable firewalld.service\" >> ./rc.local\n!echo \"service firewalld stop\" >> rc.local\n\n#Enable or Disable SSH.\n#Enable/Disable SSH\nupload -<<END /tmp/ImageStreamer/ssh_service\n#! /bin/bash\nssh=@SSH:Enabled@\nif [ $ssh == Enabled ]\nthen\necho \"systemctl enable sshd.service\" >> ./rc.local\necho \"service sshd restart\" >> ./rc.local\nelse\necho \"systemctl disable sshd.service\" >> ./rc.local\necho \"service sshd stop\" >> ./rc.local\nfi\nexit 0\nEND\ndownload /tmp/ImageStreamer/ssh_service ./ssh_service\n!source ./ssh_service","uri":null,"status":null}