{"type":"PlanScript","dependentArtifacts":null,"hpProvided":false,"eTag":null,"created":null,"modified":null,"customAttributes":null,"planType":"deploy","description":"Configures Multiple-NIcs or NIC-teamings","category":null,"name":"RHEL-7.3-configure-multiple-NICs-or-teaming","id":"55f6047c-d412-46ac-8846-ff712a1e7997","state":null,"content":"# (c) Copyright 2017 Hewlett Packard Enterprise Development LP\n#\n# Licensed under the Apache License, Version 2.0 (the \"License\");\n# you may not use this file except in compliance with the License.\n# You may obtain a copy of the License at http://www.apache.org/licenses/LICENSE-2.0\n#\n# Unless required by applicable law or agreed to in writing, software distributed\n# under the License is distributed on an \"AS IS\" BASIS, WITHOUT WARRANTIES OR\n# CONDITIONS OF ANY KIND, either express or implied. See the License for the\n# specific language governing permissions and limitations under the License.\n\nupload -<<END /tmp/MgmtNIC-configure\n#! /bin/bash\nnet_mac=$1\nnet_ip=$2\nnet_gw=$3\nnet_domain=$4\ndns1=$5\ndns2=$6\nnetmask=$7\n\nmask2cidr() {\n    nbits=0\n    IFS=.\n    for dec in $1 ; do\n        case $dec in\n            255) let nbits+=8;;\n            254) let nbits+=7;;\n            252) let nbits+=6;;\n            248) let nbits+=5;;\n            240) let nbits+=4;;\n            224) let nbits+=3;;\n            192) let nbits+=2;;\n            128) let nbits+=1;;\n            0);;\n            *) echo \"Error: $dec is not recognised\"; exit 1\n        esac\n    done\n    echo \"$nbits\"\n}\n\n#Check the matching interface name for $net_mac.\ninterfaces=`ls /sys/class/net/`\nfor iface in $interfaces\ndo\n\tmac=`cat /sys/class/net/$iface/address`\n\tif [ ${mac,,} == ${net_mac,,} ]\n\tthen\n\t\tinterface_name=$iface\n\t\t#To update in /etc/hosts\n\t\techo $interface_name >> /tmp/interface_names\n\tfi\ndone\n\nif [[ -z $net_ip ]]\nthen\n\techo \"Configure $interface_name for DHCP\"\n\tnmcli connection add con-name $interface_name ifname $interface_name type ethernet autoconnect yes\nelse\n\techo \"Configure $interface_name for static.\"\n\tnmcli con add con-name $interface_name ifname $interface_name  type ethernet autoconnect yes ip4 $net_ip/$(mask2cidr $netmask) gw4 $net_gw\ncat <<CONF>/etc/resolv.conf \n# Generated by Image Streamer\nsearch $net_domain\nnameserver $dns1\nnameserver $dns2\nCONF\nfi\nexit 0\nEND\n\n#Child script for NIC Teaming.\nupload -<<END /tmp/NIC-teaming\n#! /bin/bash\nteam_name=$1\nnet1_mac=$2\nnet2_mac=$3\nnet1_ip=$4\nnet1_gw=$5\ndomain=$6\ndns1=$7\ndns2=$8\nnetmask=$9\n\nmask2cidr() {\n    nbits=0\n    IFS=.\n    for dec in $1 ; do\n        case $dec in\n            255) let nbits+=8;;\n            254) let nbits+=7;;\n            252) let nbits+=6;;\n            248) let nbits+=5;;\n            240) let nbits+=4;;\n            224) let nbits+=3;;\n            192) let nbits+=2;;\n            128) let nbits+=1;;\n            0);;\n            *) echo \"Error: $dec is not recognised\"; exit 1\n        esac\n    done\n    echo \"$nbits\"\n}\n\n#Check the maching interface names for mac addresses.\ninterfaces=`ls /sys/class/net/`\nfor iface in $interfaces\ndo\n\tmac=`cat /sys/class/net/$iface/address`\n\tif [ ${mac,,} == ${net1_mac,,} ]\n\tthen\n\t\tnic1=$iface\n\telif [ ${mac,,} == ${net2_mac,,} ]\n\tthen\n\t\tnic2=$iface\n\tfi\ndone\n\n#To update in /etc/hosts\necho $team_name >> /tmp/interface_names\n\n#Add $team_name connection.\n\nif [[ -z $net1_ip ]]\nthen\n\techo \"Configure $team_name for DHCP\"\n\tnmcli connection add type team con-name $team_name ifname $team_name\nelse\n\techo \"Configure $team_name for static.\"\n\tnmcli con add con-name $team_name ifname $team_name type team autoconnect yes config '{ \"runner\": {\"name\": \"activebackup\"}}' ip4 $net1_ip/$(mask2cidr $netmask) gw4 $net1_gw\ncat <<CONF>/etc/resolv.conf \n# Generated by Image Streamer\nsearch $domain\nnameserver $dns1\nnameserver $dns2\nCONF\nfi\n\nnmcli connection add type team-slave con-name $team_name-port1 ifname $nic1 master $team_name\nnmcli connection add type team-slave con-name $team_name-port2 ifname $nic2 master $team_name\nexit 0\nEND\n\n#RHEL script to configure NIC teaming on deployment nics\n\nupload -<<END /etc/init.d/ibftT\n#! /bin/bash\n# chkconfig: 345 99 10\n# description: enable nic teaming for ibft interfaces\n\ncase \"$1\" in\n  start)\n        FOUNDibftTeam=`grep \"ibftTeam\" /proc/net/dev`\n        echo \"Running ibft team script\"\n        if  [ -n \"$FOUNDibftTeam\" ] ; then\n            echo \"Deleting existing team\"\n            nmcli con del ibftTeam\n            nmcli con del ibftTeam-port1\n            nmcli con del ibftTeam-port0\n        fi\n        FOUNDibft1=`grep \"ibft1\" /proc/net/dev`\n        echo \"ibft1 : $FOUNDibft1\"\n        if  [ -n \"$FOUNDibft1\" ] ; then\n            #echo yes\n            #Get ibft1 IP, and use as team interface IP\n            #ibftIP=`ifconfig ibft0 2>/dev/null|awk '/inet / {print $2}'`\n\t\t\tibftIP=`ip a | grep ibft0 | grep 'inet' | cut -d: -f2 | awk '{ print $2}' | cut -d/ -f1`\n            echo \"$ibftIP\"\n            nmcli con add con-name ibftTeam ifname ibftTeam type team autoconnect yes config '{ \"runner\": {\"name\": \"activebackup\"}}' ip4 $ibftIP/24\n            nmcli connection add type team-slave con-name ibftTeam-port0 ifname ibft0 master ibftTeam\n            nmcli connection up ibftTeam-port0\n            nmcli connection add type team-slave con-name ibftTeam-port1 ifname ibft1 master ibftTeam\n            nmcli connection up ibftTeam-port1\n        fi\n        echo \"Completed ibft team configuration\"\n        ;;\n  stop)\n        echo -n \"Stopping ibftTeam\"\n        nmcli con del ibftTeam-port0\n        nmcli con del ibftTeam-port1\n        nmcli con del ibftTeam     \n        ;;\n  *)\n        echo \"Usage: /sbin/service new-service {start|stop}\"\n        exit 1\nesac\nexit 0\nEND\n\nupload -<<END /tmp/ImageStreamer/network-configuration\n#! /bin/bash\n\nnic_teaming=@NicTeaming:No@\n\n# checking for NIC1 and NIC2\n\nif [ @ManagementNIC1.ipv4disable@ == false -a $nic_teaming == No ];then\n\tif [ @ManagementNIC1.dhcp@ == false ];then\n\t\techo \"sh /tmp/MgmtNIC-configure @ManagementNIC1.mac@ @ManagementNIC1.ipaddress@ @ManagementNIC1.gateway@ @ManagementNIC1.domain@ @ManagementNIC1.dns1@ @ManagementNIC1.dns2@ @ManagementNIC1.netmask@\" >> ./rc.local\n\telse\n\t\techo \"sh /tmp/MgmtNIC-configure @ManagementNIC1.mac@\" >> ./rc.local\n\tfi\nfi\n\nif [ @ManagementNIC2.ipv4disable@ == false -a $nic_teaming == No ];then\n\tif [ @ManagementNIC2.dhcp@ == false ];then\n\t\techo \"sh /tmp/MgmtNIC-configure @ManagementNIC2.mac@ @ManagementNIC2.ipaddress@ @ManagementNIC2.gateway@ @ManagementNIC2.domain@ @ManagementNIC2.dns1@ @ManagementNIC2.dns2@ @ManagementNIC2.netmask@\" >> ./rc.local\n\telse\n\t\techo \"sh /tmp/MgmtNIC-configure @ManagementNIC2.mac@\" >> ./rc.local\n\tfi\n\t\nfi\n\nif [ @ManagementNIC1.ipv4disable@ == false -a $nic_teaming == Yes ];then\n\tif [ @ManagementNIC2.ipv4disable@ == true ];then\n\t\techo \"\"\n\t\techo \"Error : ManagementNIC2 is not added.Please add ManagementNIC2 and try again!\"\n\t\techo \"\"\n\t\texit 1\n\tfi\n\t\n\tif [ @ManagementNIC1.dhcp@ == false ];then\n\t\techo \"sh /tmp/NIC-teaming \"team0\" @ManagementNIC1.mac@ @ManagementNIC2.mac@ @ManagementNIC1.ipaddress@ @ManagementNIC1.gateway@ @ManagementNIC1.domain@ @ManagementNIC1.dns1@ @ManagementNIC1.dns2@ @ManagementNIC1.netmask@\" >> ./rc.local\n\telse\n\t\techo \"sh /tmp/NIC-teaming \"team0\" @ManagementNIC1.mac@ @ManagementNIC2.mac@\" >> ./rc.local\n\tfi\t\nfi\n\n# checking for NIC3 and NIC4\n\nif [ @ManagementNIC3.ipv4disable@ == false -a $nic_teaming == No ];then\n\tif [ @ManagementNIC3.dhcp@ == false ];then\n\t\techo \"sh /tmp/MgmtNIC-configure @ManagementNIC3.mac@ @ManagementNIC3.ipaddress@ @ManagementNIC3.gateway@ @ManagementNIC3.domain@ @ManagementNIC3.dns1@ @ManagementNIC3.dns2@ @ManagementNIC3.netmask@\" >> ./rc.local\n\telse\n\t\techo \"sh /tmp/MgmtNIC-configure @ManagementNIC3.mac@\" >> ./rc.local\n\tfi\nfi\n\nif [ @ManagementNIC4.ipv4disable@ == false -a $nic_teaming == No ];then\n\tif [ @ManagementNIC4.dhcp@ == false ];then\n\t\techo \"sh /tmp/MgmtNIC-configure @ManagementNIC4.mac@ @ManagementNIC4.ipaddress@ @ManagementNIC4.gateway@ @ManagementNIC4.domain@ @ManagementNIC4.dns1@ @ManagementNIC4.dns2@ @ManagementNIC4.netmask@\" >> ./rc.local\n\telse\n\t\techo \"sh /tmp/MgmtNIC-configure @ManagementNIC4.mac@\" >> ./rc.local\n\tfi\nfi\n\nif [ @ManagementNIC3.ipv4disable@ == false -a $nic_teaming == Yes ];then\n\tif [ @ManagementNIC4.ipv4disable@ == true ];then\n\t\techo \"\"\n\t\techo \"Error : ManagementNIC4 is not added.Please add ManagementNIC2 and try again!\"\n\t\techo \"\"\n\t\texit 1\n\tfi\n\tif [ @ManagementNIC3.dhcp@ == false ];then\n\t\techo \"sh /tmp/NIC-teaming \"team1\" @ManagementNIC3.mac@ @ManagementNIC4.mac@ @ManagementNIC3.ipaddress@ @ManagementNIC3.gateway@ @ManagementNIC3.domain@ @ManagementNIC3.dns1@ @ManagementNIC3.dns2@ @ManagementNIC3.netmask@\" >> ./rc.local\n\telse\n\t\techo \"sh /tmp/NIC-teaming \"team1\" @ManagementNIC3.mac@ @ManagementNIC4.mac@\" >> ./rc.local\n\tfi\nfi\n\n\necho \"chmod 755 /etc/init.d/ibftT\" >> ./rc.local\necho \"chkconfig --add ibftT\" >> ./rc.local\n\necho \"service network restart\" >> ./rc.local\necho \"rm -f /tmp/MgmtNIC-configure\" >> ./rc.local\necho \"rm -f /tmp/NIC-teaming\" >> ./rc.local\n\necho \"service ibftT start\" >> ./rc.local\necho \"chkconfig --on ibftT\" >> ./rc.local\n\n#Workaround\necho \"ip route add default via @ManagementNIC1.gateway@\" >> ./rc.local\n\nexit 0\nEND\n\ndownload /tmp/ImageStreamer/network-configuration ./network-configuration\n!source ./network-configuration","uri":null,"status":null}