{"type":"OeBuildPlan","dependentArtifacts":null,"customAttributes":[{"constraints":"{\"helpText\":\"\"}","description":"","name":"ClusterIP","value":"","type":"ipv4"},{"constraints":"{}","description":"","name":"ClusterJoinToken","value":"","type":"string"},{"constraints":"{\"helpText\":\"Fully qualified domain name of the server being deployed\"}","description":"Fully qualified domain name of the server being deployed","name":"ServerFQDN","value":"","type":"fqdn"},{"constraints":"{\"options\":[\"Enabled\",\"Disabled\"]}","description":"","name":"SSH","value":"Enabled","type":"option"},{"constraints":"{}","description":"","name":"ProxyHost","value":"proxy.cloudra.local","type":"string"},{"constraints":"{}","description":"","name":"NtpServer","value":"10.60.1.123","type":"string"},{"constraints":"{\"options\":[\"No\",\"Yes\"]}","description":"","name":"NicTeaming","value":"No","type":"option"},{"constraints":"{}","description":"","name":"ProxyPort","value":"8080","type":"string"},{"constraints":"{}","description":"","name":"ProxyExclusionList","value":".cloudra.local","type":"string"},{"constraints":"{}","description":"","name":"ClusterPort","value":"8443","type":"string"},{"constraints":"{\"ipv4static\":true,\"ipv4dhcp\":true,\"ipv4disable\":true,\"parameters\":[\"dhcp\",\"dns1\",\"dns2\",\"domain\",\"gateway\",\"ipaddress\",\"ipv4disable\",\"mac\",\"netmask\"]}","description":"","name":"ManagementNIC3","value":"","type":"nic"},{"constraints":"{\"maxlen\":\"10\"}","description":"","name":"NewRootPassword","value":"","type":"password"},{"constraints":"{\"ipv4static\":true,\"ipv4dhcp\":true,\"ipv4disable\":true,\"parameters\":[\"dhcp\",\"dns1\",\"dns2\",\"domain\",\"gateway\",\"ipaddress\",\"ipv4disable\",\"mac\",\"netmask\"]}","description":"","name":"ManagementNIC4","value":"","type":"nic"},{"constraints":"{\"ipv4static\":true,\"ipv4dhcp\":true,\"ipv4disable\":true,\"parameters\":[\"dhcp\",\"dns1\",\"dns2\",\"domain\",\"gateway\",\"ipaddress\",\"ipv4disable\",\"mac\",\"netmask\"],\"options\":[\"\"]}","description":"","name":"ManagementNIC1","value":"","type":"nic"},{"constraints":"{\"ipv4static\":true,\"ipv4dhcp\":true,\"ipv4disable\":true,\"parameters\":[\"dhcp\",\"dns1\",\"dns2\",\"domain\",\"gateway\",\"ipaddress\",\"ipv4disable\",\"mac\",\"netmask\"]}","description":"","name":"ManagementNIC2","value":"","type":"nic"}],"buildStep":[{"planScriptName":"000-RHEL-7.3-mount-and-validate","planScriptUri":"/rest/plan-scripts/7ab92e30-5c9f-4081-a281-b0dfb22c9648","parameters":null,"serialNumber":"1"},{"planScriptName":"010-RHEL-7.3-set-iscsi-initiator-name","planScriptUri":"/rest/plan-scripts/08368d8e-812d-4d7e-a334-c25315a72884","parameters":null,"serialNumber":"2"},{"planScriptName":"020-RHEL-7.3-change-root-password","planScriptUri":"/rest/plan-scripts/42a043b5-384a-4d31-9231-a60397ee66b3","parameters":null,"serialNumber":"3"},{"planScriptName":"RHEL-7.3-configure-multiple-NICs-or-teaming","planScriptUri":"/rest/plan-scripts/55f6047c-d412-46ac-8846-ff712a1e7997","parameters":null,"serialNumber":"4"},{"planScriptName":"040-RHEL-7.3-Docker-configure-ntp","planScriptUri":"/rest/plan-scripts/3382b7ee-d8bf-4783-94cd-4fa3fcf357d5","parameters":null,"serialNumber":"5"},{"planScriptName":"050-RHEL-7.3-configure-hostname","planScriptUri":"/rest/plan-scripts/e88c3b7e-4ac7-4bdd-bc70-b88c3d76a309","parameters":null,"serialNumber":"6"},{"planScriptName":"060-RHEL-7.3-manage-security-services","planScriptUri":"/rest/plan-scripts/4e1553b5-9a05-402a-8673-efc0d7a5bf8b","parameters":null,"serialNumber":"7"},{"planScriptName":"070-Docker-configure-proxy-copy","planScriptUri":"/rest/plan-scripts/63eb5468-16c2-40f1-a7ba-04af2015dddf","parameters":null,"serialNumber":"8"},{"planScriptName":"RHEL-7.3-Docker-Kubernetes-Bootstrap","planScriptUri":"/rest/plan-scripts/98144c08-11ad-4ea3-ae65-10e8321bc8bb","parameters":null,"serialNumber":"9"},{"planScriptName":"110-Docker-remove-key.json","planScriptUri":"/rest/plan-scripts/1d73e143-c2bc-45b6-9b13-4167a56fa570","parameters":null,"serialNumber":"10"},{"planScriptName":"120-upload-bash-helpers","planScriptUri":"/rest/plan-scripts/0ea97726-370c-4355-89ac-159ed06a8ffd","parameters":null,"serialNumber":"11"},{"planScriptName":"130-RHEL-7.3-Docker-preconfig","planScriptUri":"/rest/plan-scripts/dfbe1575-e367-4ffe-ae79-5c1a69e8f0f4","parameters":null,"serialNumber":"12"},{"planScriptName":"150-RHEL-7.3-config-firewalld-for-Docker","planScriptUri":"/rest/plan-scripts/63f5922b-bd36-4eba-808b-b7b56ce53098","parameters":null,"serialNumber":"13"},{"planScriptName":"RHEL-7.3-Kubernetes-worker-configure","planScriptUri":"/rest/plan-scripts/b8c67ecd-24df-4c81-ae76-5fc4aa08e841","parameters":null,"serialNumber":"14"},{"planScriptName":"999-RHEL-7.3-unmount","planScriptUri":"/rest/plan-scripts/ca14ed39-702b-4255-8ff1-9c0b8dd92302","parameters":null,"serialNumber":"15"}],"eTag":null,"created":null,"modified":null,"hpProvided":false,"buildPlanid":"f1a3b585-5d63-4af6-9dcd-a24e0bde9cd2","oeBuildPlanType":"deploy","description":"Deploys a Kube worker node in an existing Kubernetes cluster\n(c) Copyright 2017 Hewlett Packard Enterprise Development LP\n\nLicensed under the Apache License, Version 2.0 (the \"License\");...","category":null,"name":"RHEL-7.3-Kubernetes-Worker-2017-08-28","uri":null,"status":null}